identifiant;nom;prenom;email;tel;adresse;ville;code_postal
1;Martin;Zenaida;eu.odio@adipiscing.org;05 13 53 54 81;Appartement 189-1478 Turpis Route;Piscinas;40748
2;Stone;Vivien;luctus.ipsum.leo@consectetuer.org;03 49 90 97 65;3863 Donec Impasse;Clearwater Municipal District;98365
3;Jensen;Jennifer;dictum@sapienAenean.co.uk;06 76 67 44 88;CP 464, 8590 Mollis Rue;Brecon;86059
4;Conley;Selma;risus@gravida.net;05 22 79 29 58;1220 Dictum Ave;Rockhampton;83091
5;Valencia;Calvin;magnis.dis@enimcommodohendrerit.com;06 43 36 01 54;9145 Eu Rue;Dieppe;65017
6;Vincent;Ralph;Morbi@Nullam.co.uk;07 46 63 03 69;2438 Ornare Ave;Verrès;09852
7;Reilly;Tyler;erat.Sed@fringillami.net;04 54 94 49 09;Appartement 309-6622 Id, Chemin;Bourges;47146
8;Hansen;Marvin;sodales.purus.in@luctus.co.uk;06 86 19 01 98;CP 231, 8631 Dolor Impasse;Frigento;41754
9;Deleon;Dominique;mi.enim@iaculisquis.net;04 26 21 20 51;643-8628 Non Av.;Muzaffarpur;19684
10;Roy;Macey;commodo.tincidunt.nibh@estMauris.edu;08 25 81 86 78;119 Felis. Rue;Colbún;16582
11;Reeves;Ella;sociis.natoque.penatibus@hendreritaarcu.net;09 21 58 22 41;513-8923 Eu Chemin;Sint-Niklaas;23055
12;Osborn;Carlos;per@sollicitudinamalesuada.com;03 33 13 05 43;Appartement 366-4333 Sem Av.;Ways;85289
13;Montoya;Sydney;vitae@lacusMauris.net;07 99 36 70 82;Appartement 326-1671 Ligula. Rue;Bala;53020
14;Irwin;Graiden;mattis.ornare.lectus@NullaaliquetProin.ca;01 39 61 18 51;6338 Eu, Chemin;Zaventem;35519
15;Flowers;Wyoming;Aliquam.fringilla@nonlobortis.org;08 06 74 39 64;Appartement 401-5391 Justo Rue;Turriaco;20388
16;Norton;Quemby;enim.mi.tempor@tellusjustosit.com;08 08 58 36 39;Appartement 130-1220 Ultricies Rue;Fredericton;15143
17;Boone;Germane;felis@aaliquet.edu;07 28 57 26 93;Appartement 187-2585 Aliquet Rue;Mannekensvere;04135
18;Long;Tyler;egestas@mauris.co.uk;07 96 50 21 88;CP 527, 8294 Ante Av.;Sant'Angelo in Pontano;53661
19;Franco;Hall;auctor.ullamcorper.nisl@Sedeget.net;07 76 24 65 74;1229 Est, Chemin;Lexington;02351
20;Velez;Eliana;Mauris@quismassaMauris.ca;03 38 57 44 02;CP 238, 4588 Mauris Ave;Arauco;86931
21;Brewer;Francis;augue.id.ante@gravidaPraesenteu.edu;07 52 26 69 86;Appartement 366-1431 Elementum Rd.;Kamalia;66625
22;Rogers;Len;arcu.ac@eu.ca;02 60 88 19 78;Appartement 759-1251 Tempus Rd.;Maidenhead;40910
23;Roth;Tad;nunc.risus.varius@nonsollicitudin.com;05 82 52 45 32;534 Ornare Route;Eksaarde;14914
24;Spears;Hilel;Duis.dignissim.tempor@iaculis.ca;02 49 59 99 67;4015 Nunc Av.;Momignies;47573
25;Rivera;Ella;penatibus.et@risus.net;02 42 49 86 49;692-1043 Ipsum Chemin;Olinda;11693
26;Patton;Evangeline;hendrerit@eu.ca;04 40 31 12 52;Appartement 910-2220 Orci, Chemin;Penicuik;57658
27;Williamson;Price;Fusce.diam@vehiculaaliquet.co.uk;02 42 92 37 56;8267 Phasellus Rue;Pointe-du-Lac;29678
28;Castaneda;Oscar;posuere.enim@arcu.com;08 20 58 06 63;CP 751, 6834 Semper, Avenue;Aschersleben;52948
29;Gonzales;Ocean;montes@tinciduntcongue.ca;04 96 39 43 04;4188 Maecenas Impasse;Cuttack;41395
30;Franco;Alden;orci.lacus@Quisque.net;09 90 13 35 90;897 Arcu. Rue;Gaziantep;76944
31;Meadows;Yardley;auctor@atlacus.edu;05 42 01 91 98;8452 Lectus Impasse;Noida;49596
32;Harris;Moana;sit@metusfacilisislorem.com;09 67 97 60 92;Appartement 495-2846 Nec Route;Diadema;62925
33;Estes;Amy;ligula@velturpis.com;07 73 23 51 68;CP 760, 3169 Sit Av.;Peumo;71009
34;Torres;Abbot;ipsum@etcommodo.co.uk;02 66 30 73 44;CP 333, 3933 Velit. Ave;Banbury;41948
35;Hogan;Sybil;nunc.sit@Aliquamadipiscing.co.uk;04 64 11 10 42;Appartement 963-1141 At Rue;Mönchengladbach;75048
36;Dickson;Alea;sit@blanditviverraDonec.ca;01 79 59 42 75;6794 Venenatis Av.;Vaulx-lez-Chimay;22490
37;Barber;Inez;quam.Curabitur@lobortisultricesVivamus.ca;02 63 72 81 94;328-7057 Non, Rd.;Gallodoro;96129
38;Whitehead;Willa;cursus.diam.at@placerataugueSed.edu;03 95 96 37 33;145 Sociis Ave;Valpelline;80493
39;Huber;Dillon;sit@sedhendrerita.com;08 80 02 36 99;CP 736, 4079 Eu Ave;Flensburg;45067
40;Wood;Vera;libero.est.congue@quisdiam.edu;09 89 55 18 30;Appartement 935-6945 Sed, Rd.;LiŽge;04775
41;Santiago;Patrick;vel@nectempus.edu;09 25 19 59 60;CP 365, 371 Fringilla, Avenue;King's Lynn;33180
42;Cochran;Carl;convallis.ante.lectus@Maecenaslibero.org;04 58 87 64 23;6960 Libero Av.;Southaven;07929
43;Mccoy;Porter;faucibus.id@aliquamadipiscing.edu;09 95 08 61 37;2052 Vitae Chemin;Ripacandida;84118
44;Henry;Myles;ligula.Donec@nulla.com;05 42 29 79 27;CP 665, 850 Turpis Av.;San Rafael;90002
45;Copeland;Kyla;aliquet.libero@pede.co.uk;07 57 60 23 41;Appartement 609-7852 Sit Avenue;Rinconada;06125
46;Tate;Cody;nec@Nullatempor.edu;09 83 83 22 41;CP 455, 1208 Dolor Avenue;Crystal Springs;34044
47;Martin;Hanae;sit.amet.risus@risus.edu;05 21 55 17 31;871-8985 Lacus. Route;Hillsboro;71531
48;Odonnell;Elaine;ipsum.Donec.sollicitudin@facilisisSuspendissecommodo.edu;02 19 15 04 54;414-7467 Donec Impasse;Rocca d'Arce;95463
49;Crosby;Quyn;et.ipsum@sollicitudin.com;02 56 38 19 28;629-5141 Lacus. Impasse;Houtave;15872
50;Hayes;Jamalia;faucibus.lectus@turpisnon.org;04 96 26 61 93;425-1294 Dolor, Avenue;Belcarra;21085
51;Stephens;Cyrus;nisl@blanditatnisi.com;04 25 86 80 85;5577 Blandit Av.;Chicoutimi;61402
52;Bridges;Thane;consequat.lectus@vitae.edu;06 43 08 82 52;Appartement 272-4996 Nunc Av.;Jambes;59248
53;House;Norman;at@rutrumFusce.net;01 37 93 86 02;7802 Nunc Rue;Roccasicura;29360
54;Horne;Daniel;Curabitur.ut.odio@nibhdolor.edu;09 70 64 86 08;7877 Eu Ave;Canterbury;51290
55;Harris;Adele;Nunc@pedeet.net;08 49 03 68 66;504-1940 Cursus, Rd.;Torre Cajetani;15668
56;Ayers;Keegan;vestibulum.Mauris.magna@IntegermollisInteger.co.uk;03 97 76 44 63;782-2803 Elit, Rue;Rivière-du-Loup;36853
57;Cline;Cara;ac.eleifend@erosnon.edu;04 80 41 82 90;CP 767, 6813 Eget Chemin;Rinconada;79757
58;Hall;Arthur;congue.a.aliquet@Aeneansedpede.org;09 17 03 60 60;3414 Metus. Av.;Sundrie;11678
59;Richmond;Samuel;et.magnis.dis@amagnaLorem.org;03 60 49 12 78;CP 320, 8091 Neque Ave;Ammanford;50185
60;Joyner;Harlan;eu.neque.pellentesque@Sedeget.co.uk;09 96 23 33 64;CP 762, 2187 Blandit Av.;Albacete;21384
61;Garza;Sigourney;sodales.purus.in@purusin.ca;04 95 25 94 17;9806 Eget, Avenue;Annapolis;00220
62;Key;Lucy;Suspendisse.tristique@etmalesuadafames.ca;02 98 38 36 67;Appartement 623-9928 Mollis Rue;Fishguard;21485
63;Mullen;Zane;molestie@Curae.edu;05 86 93 91 68;Appartement 687-8144 Ante Avenue;Rigolet;36048
64;Stanton;Ingrid;neque.Nullam@nislsemconsequat.net;06 27 47 28 62;CP 454, 355 Ligula. Rd.;Camiña;69968
65;Carver;Lester;In.mi.pede@lacinia.edu;04 07 91 62 71;CP 799, 4849 Amet Avenue;Frankston;46158
66;Whitfield;Xantha;orci@arcu.co.uk;03 33 96 48 24;CP 920, 5091 Aenean Avenue;Caccamo;73072
67;Garrison;Anika;Phasellus.at@convallisconvallisdolor.org;08 55 91 53 21;9415 Et Av.;San Rafael;80457
68;Mcclure;Marvin;nec.urna@Nuncmauris.edu;06 46 81 17 15;366-6017 Mollis. Av.;Nizamabad;55057
69;Dunn;Fallon;auctor.velit.eget@Aenean.co.uk;01 45 30 00 74;CP 579, 7903 Mauris Route;McCallum;69669
70;Nielsen;Xanthus;magna.Duis.dignissim@Aliquamvulputate.ca;08 68 88 09 62;643-2963 Cras Chemin;Baardegem;63044
71;Hopkins;Brielle;mi.ac.mattis@orci.co.uk;07 98 87 63 42;CP 447, 3771 Eget Rd.;Soverzene;60323
72;Cantu;Vanna;mollis@Quisqueaclibero.co.uk;08 66 21 11 45;2162 Fermentum Avenue;Gubbio;78366
73;Sykes;Nicholas;arcu.Morbi.sit@natoque.org;09 86 26 10 76;CP 101, 1415 Enim. Route;Yellowhead County;59877
74;Woodard;Lyle;aliquet.Proin.velit@pede.com;03 63 53 35 54;626-4673 Dis Ave;Carapicuíba;86966
75;Michael;Lysandra;erat@mauriserat.ca;07 20 86 62 98;3274 Vitae Impasse;Jauchelette;51204
76;Kramer;Briar;ac.turpis@vel.edu;05 70 72 26 59;336-7587 Donec Ave;Huissen;31693
77;Clay;Camille;neque.In@auctornuncnulla.edu;03 95 13 35 17;862-6581 Pharetra Ave;Linkhout;49550
78;Glover;Merrill;ipsum.primis@etcommodoat.com;09 56 64 13 34;Appartement 672-3801 Ornare, Rue;Judenburg;98149
79;Miles;Chava;dui@diam.ca;07 89 12 10 48;Appartement 245-5138 Pellentesque Impasse;Midway;07029
80;Yates;Hamish;nonummy.ut.molestie@non.com;07 71 84 64 43;7522 Gravida Route;Champigny-sur-Marne;77165
81;Taylor;Chantale;dictum.placerat.augue@augueid.edu;03 72 32 69 46;4496 Euismod Chemin;Baltasound;85366
82;Cross;Cailin;lobortis.nisi@semelitpharetra.org;06 50 66 63 59;Appartement 283-7634 Neque. Avenue;San Pablo;76799
83;Weiss;Ishmael;fermentum.risus.at@utsem.ca;06 18 17 19 78;423-8703 Lectus Impasse;Calmar;58507
84;Morales;Georgia;auctor.non@volutpat.com;06 76 51 15 08;5083 Feugiat Avenue;Buxton;33449
85;May;Jameson;massa.Vestibulum.accumsan@faucibusidlibero.com;05 25 87 82 87;CP 612, 6648 Blandit Ave;Governador Valadares;71486
86;Cobb;Quamar;molestie@auctor.org;09 85 21 78 79;CP 968, 7050 Conubia Chemin;Bella;30853
87;Blanchard;Fleur;mauris@montesnasceturridiculus.com;03 12 43 67 58;8315 Interdum Route;Genzano di Lucania;15500
88;Santos;Simone;orci.in.consequat@augueeutempor.edu;04 30 64 43 30;7351 Nullam Chemin;Caledon;17857
89;Romero;Barrett;eleifend.non@euligula.ca;03 47 49 63 70;766-8609 Nonummy Route;Wardha;54808
90;Bennett;Kaden;diam.vel@purusactellus.org;01 60 65 25 39;Appartement 455-4303 Mauris. Rd.;Tsiigehtchic;21246
91;Dean;Roth;leo.in.lobortis@augue.ca;07 14 16 55 26;847-7487 Eu Av.;Austin;13215
92;Miranda;Melanie;egestas@dictum.net;08 46 39 12 24;Appartement 535-4408 At, Rd.;Silverton;54315
93;Sampson;Xena;mattis@Curabiturdictum.edu;04 16 37 99 61;Appartement 777-4699 Tellus Chemin;San Pietro Avellana;84793
94;Cross;Quintessa;iaculis@luctus.ca;06 67 15 15 89;575-1502 Est Avenue;Boussu-lez-Walcourt;90090
95;Kennedy;Janna;elit.elit.fermentum@sem.ca;09 21 66 77 81;549-4105 Tempor Route;St. Catharines;22560
96;Hendrix;Ryan;eget.volutpat@velitSedmalesuada.net;06 31 48 80 39;225-6953 Lobortis Av.;Colledimacine;26296
97;Dale;Hayes;scelerisque.scelerisque.dui@sitametorci.org;06 81 49 35 35;625-1498 Vehicula Chemin;Qutubullapur;46716
98;Fry;Rinah;Lorem.ipsum@dolor.co.uk;09 33 40 41 91;Appartement 208-7547 Morbi Impasse;Kędzierzyn-Koźle;43411
99;Pruitt;James;scelerisque.neque.sed@mauriselitdictum.co.uk;05 18 30 64 07;311-4229 Elit. Rd.;Tuglie;34751
100;Joyner;Shafira;quam@ullamcorpereueuismod.com;03 40 73 49 98;640-6847 Lorem. Ave;Hallaar;93169
